ProjectCode,AssignmentIndex,PeriodName,StatusId,TotalScore,MaxScore,ScorePercentage,StartedAt,CompletedAt,Notes,EvaluationComment,CallId,CallDate,CallTime,Duration,EvaluatorEmail,EvaluatedPersonnelEmail,EvaluatedOrganizationCode,YellowCardCount,RedCardCount,ControlDate,ControlTime
PRJ-001,1,Ocak 2024,4,85,100,85,2024-01-15 09:00,2024-01-15 09:30,İyi performans,Genel olarak başarılı bir görüşme. Açılış ve kapanış standartlarına uyulmuş.,CALL-2024-00001,2024-01-14,14:30,12:26,ahmet.yilmaz@sirket.com,burak.sen@abc.com,CONC-KDK,0,0,2024-01-15,09:15
PRJ-001,1,Ocak 2024,4,72,100,72,2024-01-16 10:00,2024-01-16 10:45,Geliştirilmeli,Aktif dinleme konusunda eksiklik var. Müşterinin sözünü birkaç kez kesti.,CALL-2024-00002,2024-01-15,11:00,08:45,ahmet.yilmaz@sirket.com,burak.sen@abc.com,CONC-KDK,1,0,2024-01-16,10:30
PRJ-001,1,Ocak 2024,4,92,100,92,2024-01-17 14:00,2024-01-17 14:25,,Mükemmel performans!,CALL-2024-00003,2024-01-16,09:15,15:30,ahmet.yilmaz@sirket.com,selin.oz@abc.com,CONC-KDK,0,0,2024-01-17,14:10
PRJ-001,1,Ocak 2024,4,0,100,0,2024-01-18 11:00,2024-01-18 11:30,Kırmızı kart,Müşteriye hakaret içeren ifade kullanıldı. Değerlendirme başarısız.,CALL-2024-00004,2024-01-17,16:45,05:20,ahmet.yilmaz@sirket.com,emre.tas@abc.com,CONC-MSL,0,1,2024-01-18,11:15
PRJ-001,1,Ocak 2024,4,78,100,78,2024-01-19 09:30,2024-01-19 10:00,,Ortalama performans. Bilgi aktarımında eksiklikler var.,CALL-2024-00005,2024-01-18,13:20,10:15,ahmet.yilmaz@sirket.com,deniz.kurt@abc.com,TP-IST,0,0,2024-01-19,09:45
PRJ-001,2,Ocak 2024,4,88,100,88,2024-01-15 11:00,2024-01-15 11:35,,İyi bir görüşme,CALL-2024-00006,2024-01-14,10:00,09:30,mehmet.kaya@sirket.com,gizem.ay@abc.com,TP-IST,0,0,2024-01-15,11:20
PRJ-001,2,Ocak 2024,4,65,100,65,2024-01-16 14:00,2024-01-16 14:40,Düşük puan,Empati eksikliği ve çözüm odaklı yaklaşım zayıf.,CALL-2024-00007,2024-01-15,15:30,11:45,mehmet.kaya@sirket.com,burak.sen@abc.com,CONC-KDK,1,0,2024-01-16,14:25
PRJ-003,1,2024 Yılı,4,90,100,90,2024-02-10 10:00,2024-02-10 11:30,,Şube genel durumu iyi,,,,,fatma.ozturk@sirket.com,,DEF-KZL,0,0,2024-02-10,10:30
PRJ-003,2,2024 Yılı,4,75,100,75,2024-02-15 14:00,2024-02-15 15:30,Eksikler var,Temizlik ve erişilebilirlik konularında iyileştirme gerekli,,,,,ali.celik@sirket.com,,DEF-CNK,0,0,2024-02-15,14:30
